"","5083.69393588192","5123.17084416279","2176.0757718048","3522.69397347764","3965.90633637679","4755.48048179512","8292.93217095009","3806.08038221564","3548.27908349805","3759.25377510002","3650.3543572714","3972.18718333325","5135.76071798279","3936.49689848189","2518.88600160681","2417.22564352443","7672.25615045732","7990.18075132223","3333.83780489773","3959.97728497746","3495.83242709301","8046.64897786137","5281.56366703373","9070.0335692382","2897.41742173565","2541.30951480857","4686.44425002974","3111.36363777591","3738.98431058113","18114.8994390687"
"CLP_D2_12_1",8.31089520205753e-05,2.90507127455166e-05,0.000125384348551343,4.61653076335944e-05,0.000108109072928151,9.60861777479537e-06,6.24510514013805e-05,3.76932458488758e-05,3.16285082626034e-05,5.6715591258012e-05,4.67711112998135e-05,8.53604910892196e-06,8.6767410769672e-05,1.84192146279025e-05,3.55460860273019e-05,6.01907860998574e-05,6.02355461959117e-06,6.97322980050225e-05,2.51848554069469e-05,1.0475992907868e-05,9.06116904045854e-05,0.000113716672234164,5.97050130613041e-06,0.00144768057276088,0.000293461084301615,7.94798580037312e-06,4.21099211685507e-05,0.000154046092333197,5.36475558135991e-05,4.82176832270551e-05
"CLP_D2_12_2",0.000114581633321868,4.74578522554641e-05,0.000177077801535318,5.82889546892001e-05,0.000130249433745886,7.47939154811613e-06,6.38152024324183e-05,5.04518080359344e-05,4.18613655281211e-05,7.97198816484838e-05,6.16050682589933e-05,8.89333299596921e-06,0.000119131567938899,1.85054391054523e-05,4.3539802282664e-05,9.30624866116473e-05,9.0170963760189e-06,7.08642435710194e-05,4.00281474910612e-05,9.2770827899961e-06,0.000115847256762212,0.000119238398649077,7.97840711894143e-06,0.00155370587260529,0.00032885213269686,1.68166105131344e-05,5.66639232413045e-05,0.000200424959234675,7.02889973464505e-05,4.8673217602935e-05
"CLP_D2_13_1",9.94594367403226e-05,3.78936660232836e-05,0.000136489369659275,4.85783470087727e-05,0.000126162644583822,7.45840620973584e-06,6.16232229653914e-05,4.29875066727494e-05,3.29255003734867e-05,5.82356384680388e-05,5.1125074934223e-05,7.94636914688173e-06,0.000105100016678499,1.45273061308662e-05,4.11654593346461e-05,6.33874536125787e-05,7.09442982610116e-06,6.52561117939691e-05,3.59618868141173e-05,1.25560998166648e-05,9.80148903128652e-05,0.00010579462872067,8.79894718413864e-06,0.0015548933471043,0.000278905755060968,1.19039149616343e-05,3.7706978101361e-05,0.000172492226471446,6.12368787792808e-05,4.68140546455097e-05
"CLP_D2_13_2",0.000137063481866013,4.32452678541365e-05,0.00011735214595756,2.65928672232024e-05,0.000343406755368133,2.44467349847885e-05,8.52632662382126e-06,7.22949676008096e-05,4.68629835878682e-05,7.68430581452958e-05,0.000108338928523321,2.64903011458429e-05,0.000140890886365201,5.46632600660058e-05,2.04897100794007e-05,0.000200971066311081,8.32073300114228e-06,3.6367815159483e-05,8.1452192881711e-05,2.3811254670162e-05,0.000196162358600618,7.13296312915641e-05,2.39785677838792e-05,0.000101738495851697,0.000154262270574966,5.50188670764579e-06,0.000131644772344256,0.000160488385392059,9.31950304979639e-05,1.09344795739159e-05
"CLP_D2_1_1",0.000172103027765693,5.41450302272306e-05,0.000129495860004947,4.00146745986672e-05,0.000510018747019725,2.41739962977118e-05,9.3765829936263e-06,8.87911141264656e-05,2.9507358659998e-05,8.63581316690436e-05,0.000151510588666488,1.58287770269793e-05,0.000172316659968734,6.33840384198455e-05,2.85755005383981e-05,0.000212364076907691,1.00371908962886e-05,4.47168827836958e-05,7.75612749846376e-05,2.18249435763936e-05,0.000260955055196503,8.43689312523744e-05,3.21055368699865e-05,9.59033037903474e-05,0.000195115093452756,4.15715594995729e-06,0.000155193740696289,0.000131413690358162,0.000111009069774466,1.28010630975288e-05
"CLP_D2_1_2",0.000205400702144545,0.000122212936275495,0.000267354424099006,0.000137955836998642,0.000843522275157628,5.13834593326285e-06,1.84369020195591e-05,0.000715767733331056,1.58286568624698e-05,0.000274161654769417,0.000323864361145645,5.68493609670841e-05,0.00034711416037115,0.000239921537391728,7.96386840996656e-05,0.00022487973155152,3.15687326848207e-06,0.000147424370236493,0.000167318799474903,6.54423235936639e-05,0.000769862932807395,0.000226572390413771,4.98949197664465e-05,7.63177837895253e-06,0.000577353162587099,4.41645634650981e-05,1.55861241921081e-05,3.36256709932838e-05,0.000386243809950069,1.02510537926771e-05
"CLP_D2_1_3",0.00018522646938456,9.36169376892625e-05,0.000197852672283479,9.55170333591559e-05,0.000507226690041867,6.29586149995969e-06,1.32361559144108e-05,0.000116603940064562,1.90995732220313e-05,0.000187618985010978,0.000196819332696374,4.49321753362105e-05,0.000227162922733022,0.000165672107575187,6.51890396916883e-05,0.000205890806029888,4.86448950489558e-06,0.000105542726250946,0.000122508268032724,4.91921972143795e-05,0.000495706261170494,0.00017587480702895,4.57881912327827e-05,6.21178491919654e-06,0.000451471071532801,3.944475482636e-05,1.64619718830706e-05,3.27048590477775e-05,0.000232053309320435,8.32890586612927e-06
"CLP_D2_2_1",6.96144990366133e-05,2.97737398873102e-05,0.000180460646047096,4.64549998808042e-05,7.48565224502304e-05,1.39575893130418e-05,3.55967729921864e-05,9.98114004810171e-05,2.75989471240927e-05,6.06871496019064e-05,4.66678578366431e-05,2.04567277145325e-05,7.14414084726529e-05,1.05116335302765e-05,1.55529218484528e-05,9.45214797891727e-05,9.27896250945267e-06,2.82857305168028e-05,1.86868099794487e-05,1.1290161908014e-05,0.000125681105229007,4.53010642529098e-05,1.24116254374028e-05,0.00160921091245204,0.00135290899339071,2.27853958971686e-06,3.82710463886427e-05,0.000250479783020701,8.33780529081797e-05,6.28144481323764e-05
"CLP_D2_2_2",8.09643282217548e-05,3.66607685397519e-05,0.000199552478914466,4.75738748387399e-05,8.29362613852974e-05,1.34639592308542e-05,3.94397378559153e-05,0.000110508414551858,3.24368978898165e-05,7.10136493248273e-05,5.72137985610615e-05,1.7518542182916e-05,8.3660659689898e-05,4.21131270614474e-06,1.46941148938792e-05,0.000118260449574116,7.21003638391649e-06,3.10546570838031e-05,2.92191833864965e-05,1.07245030630379e-05,0.00012005084201675,4.97592679477481e-05,1.45809954602647e-05,0.0016222620644192,0.00147816724872713,1.69853413617548e-06,4.35024863118041e-05,0.000272665272189828,9.66288474758899e-05,5.98895268630017e-05
"CLP_D2_2_3",7.19801643269289e-05,3.2708337644482e-05,0.000165149996155652,4.52730805466061e-05,7.85088418635229e-05,9.36927751270466e-06,3.18922028077664e-05,8.16099050153033e-05,2.8755287218717e-05,5.74623669748845e-05,5.98651873250235e-05,1.88789560460174e-05,7.59855395354553e-05,7.5440295125978e-06,1.04118514714232e-05,7.18020920998696e-05,8.14052641224213e-06,2.630756299405e-05,1.82893662055414e-05,1.41397345562056e-05,0.00011303568729929,4.65767504734735e-05,1.37136329255928e-05,0.00144235711286617,0.00121859814206878,5.17542039356582e-06,4.68473401515726e-05,0.000233210143089145,7.68515617509062e-05,4.33169068415334e-05
"CLP_D2_3_1",3.08290775797673e-05,1.23302627255431e-05,6.91870591153431e-05,8.91016528631123e-05,0.000109729501279628,0.000208510781428529,0.000193391255132013,3.05375690821929e-05,5.86844064876478e-05,8.06960110245753e-05,5.78244462631192e-05,1.37003909409656e-05,4.54778798196027e-05,2.70735299464222e-05,0.000345150794817977,0.000178551444737673,9.50255024158252e-06,0.000120168238226353,2.49159648205972e-05,4.76243889376061e-05,0.000182450950595377,0.000173935032940986,2.47001479663037e-06,0.00099774496697044,0.000152259826640154,0.000195115974839913,0.000914870342791817,0.000367316292200939,5.0906022445237e-05,1.86441761656274e-05
"CLP_D2_3_2",2.60638394783741e-05,8.68455641163397e-06,5.98930086006947e-05,8.11740836434722e-05,8.90303323650425e-05,0.000184070876471721,0.000159943184049345,2.87674448962736e-05,4.98822630950955e-05,5.6023953901987e-05,5.36835883924593e-05,1.67040048633162e-05,4.25020494125359e-05,2.31972136307417e-05,0.000229795343645246,0.000139044696784648,9.95029764535773e-06,9.52359471071355e-05,6.27807602147533e-06,4.41742532654052e-05,0.000158860193032656,0.000133049997136068,2.36510267037171e-06,0.000816780112514136,0.000126890387945755,0.000123528310772392,0.000830505854562326,0.000342937957267034,4.04362044218244e-05,1.63215159834264e-05
"CLP_D2_3_3",2.51952529211079e-05,1.30691324630917e-06,7.66401480154954e-05,9.39795234819103e-05,9.33518824201862e-05,0.000242719214621508,0.000155547631538276,1.75504583242923e-05,5.74387432731934e-05,5.11115170622581e-05,4.79176246808049e-05,1.68846437297267e-05,1.70002319033212e-05,2.60267997376908e-05,0.000243209376324319,0.000158984387814787,2.76067364521052e-05,8.83565940472204e-05,2.49638980467712e-05,3.97482308713508e-05,0.00017157735223228,0.000120337870539477,4.06206487848841e-07,0.000698274733868517,0.000141621077544566,0.000154481498442441,0.000851904550674291,0.000314606078325994,4.29460912080496e-05,9.10842940486593e-06
"CLP_D2_4_1",9.96850334419378e-05,4.66290711808061e-05,0.000175395238800602,8.22041882031087e-05,7.12374989037797e-05,8.23626713774415e-06,4.27010493657619e-05,0.000112492074606018,4.99258268919526e-05,9.77372181662555e-05,4.10938772641383e-05,2.1383803962491e-05,4.55363729678746e-05,8.22078071755761e-06,1.11574628062405e-05,8.82276713610201e-05,6.30916550206869e-06,3.82998452284502e-05,4.04167266071869e-05,1.21069789624469e-05,0.000120042353117516,6.15850845575765e-05,3.76135898734325e-05,0.00138121076638045,0.00173457371570771,2.76390961263626e-06,1.60355488948053e-05,0.000249744996732965,0.000110089196862259,5.4170424387593e-05
"CLP_D2_4_2",9.42773145137685e-05,3.90819864412897e-05,0.000159946121894311,7.11049092043363e-05,8.73976247061446e-05,8.43276675793249e-06,4.23496541471531e-05,9.04709411742735e-05,3.40398787474692e-05,6.57267042697545e-05,5.14177655084404e-05,2.11133982140318e-05,0.000101848317254736,3.40672891907433e-06,3.13739678603672e-06,5.13840072085387e-05,1.30473888808332e-05,4.5290136443475e-05,4.5396363752231e-05,1.17931469034678e-05,0.000109194998669293,7.19938868877022e-05,2.49455334008488e-05,0.00161446763111229,0.00146234442122187,2.36905013354319e-06,2.62363473075942e-05,0.00019647572962433,7.92232615703878e-05,5.36843995575316e-05
"CLP_D2_4_3",0.000116283725436259,5.49412353111845e-05,0.000178117809325351,7.50583048536817e-05,9.50969800173753e-05,1.03185821345253e-05,3.22616745856282e-05,0.000135428736867894,3.90040445219986e-05,9.12888139441737e-05,5.25137678924571e-05,2.70449356613325e-05,0.000125643003039734,7.98135559855887e-06,8.69549779774749e-06,5.22580461544373e-05,6.23924623341476e-06,3.65358593101034e-05,4.50786741179443e-05,1.57501120929734e-05,0.000104882310013225,5.65577785508693e-05,3.84399030707115e-05,0.00103440867357439,0.00193577827297553,3.45767803425947e-06,1.9036183580492e-05,0.000265759103227709,0.000107525155596775,2.98543907026273e-05
"CLP_D2_5_1",0.000101792387628302,5.78995154974617e-05,8.21666195382545e-05,0.000137673581293608,0.000106578346183015,6.86777214550063e-06,5.92749702694338e-06,5.9774631807468e-05,8.71168274208165e-05,5.88408130720932e-05,3.60136630356832e-05,0.000100825618924408,5.27170858170992e-05,6.12181627815172e-05,4.80561727104809e-05,4.75209469126164e-05,1.06976777528208e-05,3.68224546445962e-05,4.7434605333112e-05,8.10661902361897e-05,0.000206142544105403,4.19176844123433e-05,2.47865858839888e-05,0.000493793048437982,0.000439593125023554,7.69158663396309e-06,1.27376060349923e-05,8.36204898734154e-05,2.36145251579241e-05,1.24388881112756e-05
"CLP_D2_5_2",0.000107671056248989,6.34351475307928e-05,5.27298932168601e-05,0.000170556711190362,0.000135764047766825,9.6362117463825e-06,4.05091975829037e-06,6.31986402199989e-05,9.90283008979829e-05,9.15137798384343e-05,6.26773292899364e-05,9.90105880012267e-05,6.07251368458503e-05,7.45596249059779e-05,4.77644415375225e-05,4.96934419681786e-05,1.25955670744676e-05,3.57674131547252e-05,6.08711906830795e-05,0.000133568690037947,0.000220771448492974,4.91547735361176e-05,2.79244463212952e-05,0.000558992768233185,0.000451013859517161,2.57421506260915e-06,1.72250026946236e-05,0.000143510571207497,3.56609599043309e-05,9.8395071368887e-06
"CLP_D2_5_3",0.000193322350403439,9.93837990388132e-05,0.000174375058112662,0.000241732041166846,0.000159910357454035,2.36082907204672e-05,5.69062027446429e-06,0.000111566803125875,0.000143539715877565,7.57560357410727e-05,4.35602254094036e-05,6.92748761093713e-05,2.42511952844832e-05,6.66942655193317e-05,9.33344293481481e-05,9.5648380317118e-05,7.81802090001031e-06,3.88327994490611e-05,7.58372447845903e-05,0.000101825938604112,0.00028728988924621,3.5261950728749e-05,1.8535063083519e-05,0.000177408503984514,0.000935593936583654,3.04629822027655e-05,1.49941812580298e-05,0.000331043679876401,6.55298878944662e-05,1.45293733501923e-05
"CLP_D2_6_1",9.39852923960689e-05,4.88593428499649e-05,2.94431659162604e-05,3.67862422377236e-05,0.000139799940052084,1.09781554647612e-05,8.54614166267811e-05,9.9430337406591e-06,1.46487605449518e-05,6.05362288844809e-06,1.28109826034363e-05,2.98033557458698e-05,9.75632635378965e-05,3.69308660343111e-05,1.70196161545536e-05,3.20384933184637e-05,1.5640900663723e-05,0.000148584181085656,3.38422458042458e-05,2.59119593357075e-05,0.000104048996068122,0.000238407233919412,3.03710152186745e-06,0.00139741647674394,5.52817444427546e-05,4.8913244856446e-06,1.47807568924835e-05,2.76448977962533e-05,4.39057948279052e-05,2.99394527677156e-05
"CLP_D2_6_2",0.000126198105647765,7.87545139510545e-05,0.000171994071538683,0.000168371323327005,8.06390900354569e-05,9.25605502361535e-06,0.000147078159217192,6.06238490019974e-05,6.49665674754193e-05,6.22309457602926e-05,6.9966802793682e-05,2.43626939194704e-05,8.80789665009046e-05,1.36338195790793e-05,5.58717098198386e-05,6.5426006071462e-05,1.02390860050732e-05,0.000195478625256847,4.91213095130042e-05,2.7228472400189e-05,0.000168638183021539,0.000308187053288524,1.20152490113024e-05,0.00138103897596691,0.000123992172075308,9.90320162282035e-06,2.8739305568752e-05,0.000123930142127204,6.04632660016252e-05,4.71992034229336e-05
"CLP_D2_6_3",4.38366195947386e-05,3.36801801233292e-05,7.25357007797883e-05,5.51554441931293e-05,0.000184768114797299,1.67666231130938e-05,0.00010989174374452,1.46715194525652e-05,1.91892140498345e-05,1.92559965765929e-05,1.23160501311988e-05,2.99177527316454e-05,4.84278233807706e-05,3.83477604644754e-05,3.95041870538586e-05,3.67073717410699e-05,1.12707867196409e-05,0.00020972123778246,2.9975120193334e-05,2.91908851617775e-05,0.000143873774119226,0.000321565665867225,5.78044740200584e-06,0.00167015926655715,0.000103866095169293,6.31316970113434e-06,1.29569432441374e-05,5.27267819972802e-05,5.57709939181148e-05,5.4286814763567e-05
"CLP_D4_14_1",9.77924693812947e-05,4.61343507402188e-05,0.000109510268191104,0.000446210294337043,0.00109431037060036,3.66659201071266e-06,1.23833687944282e-05,4.27182264723031e-05,0.000345817508665026,2.4593892845691e-05,7.72601757779331e-05,0.000376453367732542,0.00010251825712346,0.000323592721317202,2.2931260221763e-05,2.73063592921038e-05,1.06024704069626e-05,7.4143359065427e-06,7.9783033778785e-05,0.000995985349071672,0.000918323512495779,8.45364376126814e-06,1.53878856017328e-05,0.000758533337432264,0.000182582686275667,4.62953131322173e-06,2.26073599837326e-05,0.000381881097780994,1.55573291174782e-05,3.11274174242604e-05
"CLP_D4_14_2",0.000133653574948991,4.37958151665905e-05,4.433012824032e-05,0.000288895723613505,0.000820915693880345,9.32725001275463e-06,1.16675964413833e-05,5.76541070205677e-05,0.000117515877662051,3.74837441341259e-05,7.62195782887281e-05,0.000250507868732025,0.000133884347168279,0.000290316943006988,5.59751077755115e-06,1.26152903051563e-05,3.11792138093312e-05,8.01879466943395e-06,6.31439194404742e-05,0.000820063905093065,0.00074241575089019,4.16384384565837e-06,2.10985934108472e-05,0.00155397082447617,8.83025491722841e-05,8.26065101871847e-06,2.02875683392886e-05,0.00025835803180981,2.14446890031619e-05,3.69157729577049e-05
"CLP_D4_15_1",0.00012748212992953,4.4044849199808e-05,5.52884960637721e-05,0.000371095005453162,0.000900117667987006,8.23493962673278e-06,1.16558530827064e-05,6.2241241573883e-05,0.000166529706484162,3.88656695972192e-05,8.16165105075122e-05,0.00031356978881241,0.000128671582411232,0.000360215110867426,1.67767251023317e-05,1.93300480117887e-05,1.73348222570025e-05,5.80965085560934e-06,7.34941906828554e-05,0.000891915902354551,0.000828574665020683,1.81115026935226e-06,1.8944103007047e-05,0.00153570961814712,0.000112649150875682,1.19060426199088e-05,2.24499814560665e-05,0.000316720998770349,2.11464871377058e-05,4.59345606082512e-05
"CLP_D4_15_2",0.000161356244405448,5.07995596926996e-05,0.000102754420255448,0.000237184220568601,0.000442101665840597,5.80858240157956e-06,8.75956224625648e-06,5.78046915604126e-05,8.42706782757314e-05,5.36369520965005e-05,9.2917972902725e-05,0.000154036116787769,0.000178918925407781,0.000206472660845813,2.04913353741292e-05,1.4752243507743e-05,1.26807691885453e-05,2.3980772260802e-06,7.86685584841347e-05,0.000408280832535433,0.000538108843719997,8.14808262420869e-06,1.83588371759607e-05,0.00118380771927085,0.000146561895817043,5.21039623345884e-06,2.95321644526712e-05,0.000215039635247962,5.67550152617724e-05,2.5883978667339e-05
"CLP_D4_16_1",0.000210418775678285,9.05463650807164e-05,0.000167403584159809,0.000349665089454337,0.000569060225161784,1.68993081159233e-05,1.46248744548646e-05,5.42366403315139e-05,0.000206985759523042,4.40541964198758e-05,8.87624392767665e-05,0.000205000994852869,0.000212805167817149,0.00020732549858273,4.72763748697753e-05,4.97928952446791e-05,1.03569920379429e-05,7.472879821386e-06,8.742487463687e-05,0.000563844499646997,0.000674005949051274,8.93641272429016e-06,2.61352663247274e-05,0.000822389070998506,0.000246547115001889,3.99939128639129e-05,4.7710386643055e-05,0.000316425252225785,4.23069524465153e-05,2.13521084546703e-05
"CLP_D4_16_2",0.000177486919178551,5.08897930048693e-05,9.34764101922288e-05,0.000164636965301535,0.000441067111760864,3.86227138943239e-06,1.69256214912561e-05,6.13619508483356e-05,6.18717863293094e-05,4.13566835190841e-05,7.25522930169559e-05,0.000140767070218556,0.00017809702622553,0.000180836727951355,7.71025283286749e-06,1.57201947336411e-05,1.37051241101085e-05,3.48615634331742e-06,7.11585225572611e-05,0.000440019729343775,0.000516408942652106,4.80275469003028e-06,2.35411383447083e-05,0.00115954394350478,0.000130173639074493,1.52446552352612e-05,2.7864402360711e-05,0.000219935454387236,2.90990993319039e-05,2.08356291487973e-05
"CLP_D4_17_1",0.000232592711199853,5.14169091047202e-05,0.000212185223025513,4.44720187575539e-05,0.000499862775217716,5.00219685574819e-05,4.09919718881749e-06,8.50599389994701e-05,2.05270943875474e-05,9.71076681746131e-05,0.00019005501371502,1.80607419270419e-05,0.000239092747623941,2.93767787567957e-05,0.00011182361903739,3.45783162522839e-05,8.11615494973241e-06,7.06090287512559e-05,8.47667836760732e-05,3.48496643621307e-05,0.000315139411157633,0.000126500207085782,7.45618893625478e-05,0.000443619659350414,0.000150785712279448,6.49742190804746e-05,0.000326300724829176,0.000282934207182529,0.000229008554049633,1.05752632722099e-05
"CLP_D4_17_2",0.000168460960102153,7.64492971701332e-05,0.000185120476580763,0.00011525279365784,0.000309947948811895,7.16453265172041e-05,3.26723674964351e-06,0.000123721361799635,4.96889753410755e-05,7.98466479040632e-05,0.000116046645531002,4.5440709538216e-05,0.000173718216422753,0.000100352702309563,0.000207979849015175,6.48733319563486e-05,6.17806267474737e-06,6.63630360754866e-05,7.92241406083999e-05,8.57956984346632e-05,0.000220168688116758,0.000104354396019942,4.36060197779049e-05,0.000333441926974173,0.00013629708498521,8.96893589180646e-05,0.000265838472629157,0.000303370760284117,0.000101014106755383,1.25662989765544e-05
"CLP_D4_18_1",6.46732444843305e-05,8.64196612456125e-06,3.70595340741395e-05,2.53872725338417e-05,0.000413387480558577,0.000144541910643147,5.54106070061679e-06,0.000210227931150356,3.01984258981183e-05,7.57999090869324e-05,8.97926682711292e-05,1.19925494728145e-05,8.7663145575645e-05,6.24761025859222e-05,0.00010078202300237,0.000235909077639026,7.38090310424395e-05,4.23844992033765e-05,8.80127373589513e-05,1.51865273842511e-05,0.000200913328541766,8.72751699844737e-05,4.11174870770107e-05,0.00027308694999512,0.000288334107368454,0.000281414462843409,0.000259619728909921,0.000218955361400214,0.000109238083411339,1.0443658446189e-05
"CLP_D4_18_2",5.03105362918774e-05,1.12661669457982e-05,1.94945647621471e-05,1.44372117468511e-05,0.000362591336695336,7.79820275406155e-05,3.43855958758903e-06,0.000143252652874037,2.77034818456296e-05,5.30088413208299e-05,9.50099917273754e-05,1.19590287523547e-05,6.07297972696474e-05,4.96584072034681e-05,0.000103535369255332,0.000186667016679942,8.19104337613045e-05,3.5509878488508e-05,8.52878806365057e-05,1.12892971865485e-05,0.000178864039994767,7.259769575277e-05,5.25125541427268e-05,0.00024393903343195,0.000171662161917492,0.000266887441034576,0.000213384386936317,0.000183142079504802,8.09843583788221e-05,8.94586336832993e-06
"CLP_D4_19_1",5.32515258130365e-05,6.36731446093938e-06,0.000104788294042821,0.00049126714604116,0.000804182507974728,8.44138247334293e-06,1.89871926078675e-05,6.92648904926472e-05,0.00017687669960541,1.33046535948619e-05,0.000118807137188807,0.000189883863135547,5.50231197847699e-05,0.000163801246685481,2.10889234853873e-05,2.73040055635026e-05,1.42062318282147e-05,2.76553149337219e-06,4.48189283442223e-05,0.000796661161935448,0.000729178923445261,6.39130369751624e-06,4.21498150410111e-05,0.000998672087622044,5.75102892448306e-05,6.99961074882897e-06,8.43729643445588e-05,0.000274493035612861,1.99077198323544e-05,9.96376167497085e-06
"CLP_D4_19_2",0.000149403518937333,7.16591750933424e-05,0.00012175397481244,0.000251731017114378,0.000932708348713504,0.000115116814534102,2.89876283730244e-05,3.15501982191949e-05,0.000393309004115143,8.37947958509987e-06,3.67124270121236e-05,0.00017118199936945,5.93743101522551e-05,8.31155842329752e-05,3.5123777657909e-05,5.35998846069848e-06,1.05356908845709e-05,6.16930035768721e-06,8.69086551341087e-05,0.000132123094760476,0.000854941738023675,1.17530138002095e-05,1.64617704475654e-05,0.000938892378675106,6.94819040332277e-05,4.24087264577346e-06,0.00022258245059087,7.65662532554742e-05,2.26047226838315e-05,4.98250490395083e-06
"CLP_D4_20_1",6.68592555894183e-05,5.16910797420336e-05,0.000155844604593345,0.000127195102021748,0.000482811310226769,1.76104471870831e-06,7.36842111790656e-05,1.95143758340535e-05,7.14903687381762e-05,4.36358822617673e-05,6.20142553775013e-05,0.000133329169594473,4.4434429735919e-05,0.000164151918125861,4.59614323531985e-05,2.56192683377342e-05,3.26045601153515e-05,2.72203017977859e-05,2.84316500622923e-05,0.000120521193202632,0.000316656172145417,5.36021774383374e-05,2.20105642703452e-05,0.000728070347400682,3.99273700569761e-05,7.46234009266355e-05,6.65859248398906e-06,0.000150156745197903,8.09145327528474e-05,1.25690407476513e-05
"CLP_D4_20_2",9.9967968627781e-05,0.000121321665045136,0.000116867227110998,8.57834087209349e-05,0.000282217046072329,3.49977248320788e-06,2.83837686762623e-05,1.32607396526028e-05,4.92742265061058e-05,2.34874354962904e-05,7.05068172935587e-06,8.09022279368927e-05,0.000121680339654328,0.000107912990223003,3.8082257346504e-05,2.71428317745499e-05,8.18214247331999e-05,2.77419854815792e-05,2.45287142883279e-05,6.98447862766032e-05,0.000201661804866348,4.23321467160491e-05,6.29250770561472e-05,0.000511912264411008,2.92036172141994e-05,7.23506362117968e-05,6.72203192276555e-06,9.32187487774013e-05,8.48147813130317e-05,1.07185205406775e-05
"CLP_D4_21_1",0.000175826853145695,0.000134596306029622,0.000122217309018417,0.000339231493859135,0.000608359110013611,1.604711894479e-05,1.79146683590835e-05,0.000108890125748345,0.000185728101915323,0.000274189556526297,0.00010126797719645,0.000602824611612674,0.000382725479158391,0.00023925225912658,6.44346402722433e-05,3.06705078667365e-05,2.84245091856448e-05,1.40891943709875e-05,0.000138898918015544,0.000215240836418626,0.000675140722913565,8.40602139619604e-06,1.65069318129124e-05,0.000647613920106489,0.000148145916158212,5.59165030750203e-05,0.000119381160381162,2.89529843459215e-05,8.81993280697148e-05,8.8447298994954e-06
"CLP_D4_21_2",0.000390765903136593,0.000188440622874488,0.000203743282449373,0.000419134118972585,0.000724582356851124,1.62270453354011e-05,3.07397488098339e-05,0.000146101811261584,0.000266152490510671,0.000186157661900713,9.17119577519724e-05,0.000211753380198769,0.00041446621166655,0.000211043177390535,9.07829149346906e-05,2.22872119767178e-05,1.82600546865848e-05,2.77432234235174e-05,0.000157185731633733,0.00068335137696192,0.00081504917669124,5.6213501835117e-06,2.65369634641495e-05,0.00048796495239484,0.000269246850577403,6.72902872144494e-05,1.12950188384424e-05,0.000134964906645613,9.43068448251167e-05,1.03834040140609e-05
"CLP_D4_22_1",0.000111609372356569,5.24032490672782e-05,0.000172707543986126,0.000187420418597772,0.000314402329718158,7.8464242057906e-06,6.18432801868986e-05,6.3901430618971e-05,5.15878405034247e-05,4.81318298878678e-05,8.34527375405757e-05,7.45756432546323e-05,0.000126136281946236,9.68145792080868e-05,2.79180332112307e-05,6.6630239164195e-06,2.8056775895988e-05,4.42206334595036e-05,5.44417454926907e-05,0.000282992382876939,0.000247441406615339,8.18862126362816e-05,4.42898509176419e-05,0.000459145275550562,4.49195628209567e-05,8.29743713794245e-06,1.03988799234464e-05,0.000153163573798408,5.45484492938411e-05,8.76429839875465e-06
"CLP_D4_22_2",0.000128636614186675,7.04566664111033e-05,8.16452321032121e-05,0.000297865878095034,0.000312127855166094,5.1769405989914e-06,8.94550237618285e-05,6.9385895579091e-05,0.00010392356539508,6.40616099414108e-05,8.79092322197367e-05,0.000144089964242837,9.05001598805048e-05,0.000117921378897835,6.01583469916126e-05,1.47733304357225e-05,4.01010297870904e-05,6.6983764429262e-05,8.0542065018226e-05,8.53852111880493e-05,0.000298270111256734,0.000138721089236562,3.167857939902e-05,0.000673821790277772,3.19647511688058e-05,1.84383848773535e-05,2.07749557218608e-05,0.000145493030546249,9.37040981615325e-06,9.09118994008887e-06
"CLP_D4_23_1",6.5590222904725e-05,2.24875623212616e-05,0.000132019974431671,0.000490037230591858,0.000856717293450902,1.06300607087298e-05,2.65582292977851e-05,9.00647452015539e-05,0.00020480731196941,1.60862823522391e-05,9.76119836421781e-05,0.000227298087219037,7.0121173025812e-05,0.000188467422161493,3.15427798042301e-05,9.16828310139511e-06,1.58439621883484e-05,9.13073447498045e-06,6.0985918086413e-05,0.000619971441437458,0.000764282008269792,1.91923479303161e-05,6.83613290038543e-05,0.000999042641028032,0.000109189110482917,2.17039926544653e-06,8.32812415653623e-05,0.000336044719618476,2.48804454112609e-05,7.11496314457595e-06
"CLP_D4_23_2",6.95803503826463e-05,1.39641416437198e-05,0.000107415675594478,0.000489416031454584,0.000756297143501309,1.91461688533392e-05,2.76911186800557e-05,8.92291801023485e-05,0.000175882808044108,1.467168142753e-05,0.000129571997368722,0.000206762882191762,7.2546699908523e-05,0.000168617180684728,3.44543023643152e-05,2.09822591552481e-05,1.26957239430735e-05,9.03389080614521e-06,6.41831398761075e-05,0.000714237652060275,0.000702939130045458,1.9145725737723e-05,5.41710783250383e-05,0.00108464489717645,8.3738921617526e-05,2.37330198324659e-07,9.06986476255673e-05,0.000291020486220575,2.39694770336833e-05,1.61880005549296e-05
"CLP_D4_12_1",6.88610491353132e-05,7.62997707980974e-05,0.000131951788844333,0.000104474014567314,0.000316685031058458,3.67244470113914e-08,4.82822898837102e-05,6.66461359797525e-05,7.22606345780119e-05,5.26494758945191e-05,6.01479060881807e-05,7.53343018067304e-05,7.78361518467572e-05,0.000111353273421326,3.25494628346346e-05,1.93276752951982e-05,3.6586816568359e-05,1.45283197346264e-05,3.57744835109749e-05,6.7262026521027e-05,0.000217880167833034,4.9270160304718e-05,2.02684567700961e-05,0.000602689316234161,4.5303557396501e-05,0.000106389201859351,8.79000222752423e-06,0.000127524446086378,0.00011330185728844,1.23228636069481e-05
"CLP_D4_12_2",0.000109042852398366,5.68978924404597e-05,0.000135266361396657,0.000169552529062873,0.000364724823667926,2.99982711257495e-05,7.97745256546286e-05,4.78939100265342e-05,0.000128566097051537,6.15709127727974e-05,6.15906823153466e-05,8.9241721715514e-05,5.68600401830315e-05,7.46925627425151e-05,5.52615908977097e-05,2.55499166841925e-05,4.3937007124721e-05,2.29230400862162e-05,0.000112259974891981,0.000360259177519387,0.000262277641188583,5.50127738890032e-05,2.20691976549734e-05,0.000786726598338813,9.25002310202351e-05,0.000117780178835456,2.73713509718074e-05,0.000124712859518108,6.51363692041247e-05,1.15680719428399e-05
"CLP_D4_13_1",0.000807425957568715,0.000360949512346982,0.000161104664633973,0.000452757069579091,0.000901776247708237,2.33213737157893e-05,2.89190216958087e-05,0.000165513930000085,0.000217664040107712,0.000252736558265071,0.000113493227105916,0.000243597038380745,0.000864662477194342,0.000235829330709945,7.5813414417257e-05,2.07463406103448e-05,1.69407209675481e-05,2.99534440042068e-05,0.000316635867153875,0.000851603255926054,0.00098677342164858,1.60082959637449e-05,7.91867610336048e-05,0.000890086803678651,0.000390515920777994,0.000103618115041879,9.64414831741465e-05,0.000218847708424095,0.000146508810285628,1.16283685257714e-05
"CLP_D4_13_2",0.000894303847525056,0.000492054315536445,0.000184184294631588,0.00049413934205554,0.000858999631937871,7.69099759726107e-06,3.40965199004109e-05,0.000179202424882794,0.000274385235802206,0.000242255370847558,0.0001094634397834,0.000269988315860451,0.000942944925094862,0.000241719577789853,0.000142483739265407,3.61028231139055e-05,2.03873810658087e-05,3.10639376057566e-05,0.000369268072408886,0.000835626557172266,0.000946165629836805,1.7273347074694e-05,9.81486038634005e-05,0.00066124169498874,0.000463506839200169,6.99150043932506e-05,4.87225942718015e-05,0.000202786883698254,0.00013647070501247,7.04488849988219e-06
"CLP_D4_10_1",0.000146087984615955,5.83120108245378e-05,8.56663775453117e-05,0.000314999102549677,0.000329783063490806,1.35981041805791e-05,0.000150067818553756,6.92137512538334e-05,0.000114259634410068,7.2450938321862e-05,7.96823726608556e-05,9.55466490230987e-05,6.32970407462113e-05,6.93546997012444e-05,7.08501571448335e-05,1.76574949596754e-05,1.14141602180065e-05,7.31154153458517e-05,0.000122020896394422,0.000291617711449477,0.000359078952634443,0.000160114423213644,4.72698605321273e-05,0.000807587883175263,8.58067603926575e-05,1.63362050927151e-05,1.29198070220725e-05,0.000268695546823976,0.00011070556867657,1.19127513155704e-05
"CLP_D4_10_2",0.000140753118960906,8.11197467018262e-05,0.000123170807199586,0.000194991106850756,0.000212200222658488,1.11767882223016e-05,0.000109555661951412,3.48512739808998e-05,0.000107099386625228,5.64903641928091e-05,5.41486864177774e-05,5.74225502988078e-05,6.72266743139939e-05,5.0543209697157e-05,7.78312390681242e-05,5.31025139686562e-06,2.0191020829344e-05,2.871269346685e-05,8.99445087660246e-05,0.000146647900768274,0.000213053540370125,7.54745262261245e-05,2.46621530665742e-05,0.000461547860080959,8.83899029191967e-05,3.06716219282237e-05,2.06301284139574e-05,0.000185370846683091,5.81426503946679e-05,9.42049455925352e-06
"CLP_D4_10_3",9.82068656706869e-05,7.35131763184051e-05,5.88341567861368e-05,0.000218188258571284,0.000128568300492422,1.25991466217584e-05,7.71049876652298e-05,2.92984664815514e-05,7.48439831289796e-05,1.20111724630497e-05,5.59102835885546e-05,2.56464346920479e-06,9.09775146668249e-05,1.09521063449289e-05,2.98257577482654e-05,4.06458385338854e-05,1.82420133741422e-05,1.84478500312424e-05,8.2366539631512e-07,5.69503519698146e-06,0.000256237877523555,6.04455121017551e-05,4.76879280000717e-06,0.000958905890177888,0.000571470078641793,8.47298170988831e-06,2.48262139490255e-05,0.000160167775951297,2.45242510604002e-05,1.01395014866216e-05
"CLP_D4_11_1",0.000105084929393167,8.9847346088012e-05,5.61596203456285e-05,0.000268917538415717,0.000144657727117671,1.57306268272184e-05,6.97401551189673e-05,3.04203855316629e-05,7.24468216155864e-05,1.56279294286617e-05,9.93598415268318e-05,1.84567239425157e-06,0.000138703077508244,1.20360965908678e-05,2.72127915381714e-05,3.19722639725005e-05,3.04549401701686e-05,8.25814137358315e-06,1.17490966941643e-07,8.66747437214304e-06,0.000290504954381951,4.05450806193882e-05,1.31009939380675e-05,0.000988193160917089,0.00052622416832358,1.17971724046547e-05,3.76500227673244e-05,0.000224861990726922,3.07550525300312e-05,5.83562314136978e-06
"CLP_D4_11_2",0.000738431437312755,0.000391547116539068,0.000782329333293444,0.00019452770612314,0.000178882309191035,1.19729829109361e-05,1.43856152032703e-05,0.000100156055593871,8.47485981964923e-05,9.67657464861166e-05,9.87611048949755e-05,2.57765722007911e-05,0.000822425489490815,1.04464930521769e-05,7.70064511775246e-05,4.310759173718e-05,1.70263878845302e-05,6.46525900944248e-06,0.00043290464084328,1.30230558429706e-05,0.000299521275230539,1.38073297966759e-05,0.000223753957120935,0.000423660356949504,0.000850417081152654,0.000155012583374866,2.70029389814476e-05,0.000365922408568598,0.000123965110452686,9.90418968655492e-06
"CLP_D4_11_3",0.000807419493083985,0.000460211979398572,0.000756431576434184,0.000192583149011983,0.000156830349148366,1.93875434871322e-06,2.61548652936901e-05,9.72408696468935e-05,0.000101572341245985,0.000114740322773874,0.000102235071147443,4.05685990598533e-05,0.000896116115174232,1.03213764956469e-05,8.22753648534374e-05,5.25957852755735e-05,1.81127968916334e-05,5.82813447796629e-07,0.000555560688237258,1.17299005263065e-05,0.000301319995287357,1.53412246034458e-05,0.000246912263382399,0.000687960048818298,0.00110291424705527,0.000147684057561827,3.08009521209214e-05,0.000414463007947669,0.000150379349707111,5.10847718673193e-06
"CLP_D4_7_1",0.000168948859585046,6.29591263366273e-05,0.000107812302966674,0.000171889864964436,7.06236808404984e-05,5.34694099205472e-05,3.12545244649733e-05,5.78884565353846e-05,5.1388091671923e-05,6.49981660626846e-05,5.68002005429418e-05,9.47852971049305e-06,0.000171478006021364,1.80180635880856e-05,4.20113514884392e-05,4.30463633866692e-05,9.02559346205611e-06,3.18100916362689e-05,3.6400324689874e-05,2.22105068693181e-05,0.000174394415108172,5.24426703709438e-05,8.9031036557081e-06,0.00153327743139516,0.000529819009455792,2.18938791274861e-05,0.000315041217825146,0.000385376675112179,7.23944930977565e-05,6.23513505317248e-05
"CLP_D4_7_2",0.000158650201243716,5.23051623177914e-05,0.000101310807362731,0.000149660722065327,6.08806388657246e-05,3.31363580689483e-05,2.22793409320336e-05,4.46821521883994e-05,4.09889129839939e-05,6.12392872349334e-05,5.04818074337078e-05,6.91124864766781e-07,0.000159386225825197,1.15468312719865e-05,2.68804686480343e-05,3.55429006586586e-05,1.64935296986968e-05,2.50038389374137e-05,3.85733830104709e-05,2.09842695807684e-05,0.000156413563262969,4.78015527879686e-05,9.92311357593072e-06,0.00145950422444953,0.00048462954048544,2.2218219764247e-05,0.000263502460283293,0.000340176795735862,6.15305015114574e-05,4.73799256448191e-05
"CLP_D4_7_3",0.000148739474725051,4.66605677720688e-05,0.000107522038038344,0.000144764794450245,7.74787905459274e-05,3.1360463145596e-05,1.71667252781902e-05,5.22741595487715e-05,4.21977247484643e-05,5.51447997838871e-05,4.86924200313242e-05,2.7074737619331e-06,0.000157253644961825,1.89625036984454e-05,2.92391990636512e-05,3.27192168083296e-05,2.09777704024985e-05,2.15850662979022e-05,3.2188493802105e-05,1.84986584143477e-05,0.000146940939660567,4.68802618986906e-05,1.10232813159983e-05,0.00152522786720985,0.00042954185889655,2.53073757668748e-05,0.000226142863721029,0.000320809659272069,5.44732480756122e-05,4.2298771276334e-05
"CLP_D4_8_1",0.000232659215472514,0.000124655720507136,0.000188640824372638,0.000101905650458951,9.02826619141187e-05,5.14551007296962e-05,4.43592915481349e-05,5.33887903402672e-05,4.39487173630268e-05,6.49592871612759e-05,6.87738926830339e-05,9.3333471514292e-06,0.000269339543542631,1.61901101705219e-05,8.75059221396796e-05,4.94898975991278e-05,7.50954466371073e-06,3.2375716039455e-05,7.22696377921189e-05,1.20930383279732e-05,0.000123848964836689,6.07354119889481e-05,3.27585604285696e-05,0.00101700477227062,0.000992925654751227,7.20581274857275e-05,0.000368131798550491,0.000847930835120098,6.89213783455981e-05,1.43447403019197e-05
"CLP_D4_8_2",0.000230752644629584,0.000132159768683754,0.000175762366989659,8.91742371051521e-05,7.56208733120939e-05,7.74752721161029e-05,4.9585303640405e-05,5.07756925148677e-05,4.15718766504804e-05,6.69568572742701e-05,5.43852912285278e-05,7.56467269083473e-06,0.000257701093996267,1.63251540210837e-05,8.94753024835632e-05,6.01345774292601e-05,9.29585706262355e-06,3.2188360673126e-05,8.02772954962873e-05,1.74233190574411e-05,0.000128474586527993,4.43223359673777e-05,2.27978059745119e-05,0.00104892412992766,0.000966634540603191,5.99440924694767e-05,0.000290257477997056,0.000754685928296365,6.36455228551759e-05,1.89738927097968e-05
"CLP_D4_8_3",0.000295135830782597,0.000172763435490199,0.000217595289540559,0.000120905120430127,9.92968494187157e-05,7.82977947081565e-05,5.83688554825705e-05,7.26275857794654e-05,5.37039737230434e-05,9.03109962018105e-05,8.14858682009766e-05,1.39176586707365e-05,0.000337040318436622,2.49698274515325e-05,0.000116527330320219,6.80267109879473e-05,5.06729176685755e-06,3.95405043699249e-05,0.000103671702696535,1.69713108881841e-05,0.000160809838242906,6.51170449832126e-05,3.99616387126853e-05,0.00121545858188848,0.00120065160487372,7.87045074867953e-05,0.000399168340383727,0.000957365134532682,8.32515924056293e-05,1.78347465529212e-05
"CLP_D4_9_1",3.68739721789776e-05,1.44597573499778e-05,2.71359733082246e-05,6.58792517077223e-05,9.6581743953042e-05,2.11295349510807e-05,0.000163331627208201,2.07194186117447e-05,2.96275492115624e-05,2.80892672344254e-05,2.33516932613619e-05,2.02399991558449e-05,1.85043057750728e-05,2.47001874189008e-05,0.000189831432365494,2.98529971666487e-05,1.44327512481196e-05,0.000137282774165129,5.79132275683272e-06,4.89460721395892e-05,0.000124599875993152,0.0001292112204689,1.32064974133267e-06,0.00094796190759021,0.000348920852550031,6.29795692131776e-05,0.000176512675336571,0.000305958512200329,2.87119702437005e-05,1.05939611315483e-05
"CLP_D4_9_2",3.62228047878083e-05,2.34493282117027e-05,3.30446097330526e-05,6.32699541930167e-05,8.88155206153146e-05,2.59142113549672e-05,0.000196311786017101,4.26798457825803e-05,2.64297721151995e-05,4.23469426316239e-05,3.88138141679464e-05,1.5341112981834e-05,3.27173281685767e-05,2.21626774525591e-05,0.000193008032920367,4.0204383369292e-05,1.61168653191892e-05,0.000139708496302954,9.20301936965835e-06,4.64730525258796e-05,9.08589245938086e-05,0.000135590929024245,3.27485280714878e-06,0.00105130393353421,0.000350434010312741,7.83129202089422e-05,0.000207594569721848,0.00030553781336164,3.92685180358253e-05,1.68789791894838e-05
"CLP_D4_9_3",4.29738815678377e-05,2.05869384693912e-05,3.09806823113729e-05,7.70001990690586e-05,9.77342930478438e-05,2.85222538918772e-05,0.000191324077161424,4.93823303402618e-05,3.50909015607122e-05,3.90868868851848e-05,3.73425033688875e-05,2.37077487438479e-05,2.1272836618627e-05,2.19301856421602e-05,0.000204651977651241,4.08556417546634e-05,1.92420668719101e-05,0.000147846313708141,7.85450999854681e-06,4.63976944968241e-05,0.000107288184343955,0.000135448003325964,8.3290313031888e-07,0.000954948312578899,0.000350927966307646,8.77368173492162e-05,0.000213837124565634,0.000312046085655963,3.53179109192517e-05,1.3506611163931e-05
"SH_D2_5_1",4.01203457721099e-05,2.97826634465271e-05,7.46782648324115e-05,7.42249768257721e-05,0.000139219818782412,0.000122838756119307,0.000152370998426204,2.2008572502565e-05,3.6800281120995e-05,5.14739835047573e-05,2.21361427915441e-05,2.58623142303208e-06,3.39699506559452e-05,3.16816991823892e-05,0.000198457602842521,9.28701431642231e-05,8.44132278220675e-06,0.000113341209225087,3.15258431388097e-05,4.19812878322048e-05,0.0001427307271922,0.000193670701176679,1.79372749833359e-06,0.000995911040179487,0.000115897460301144,9.25531090483751e-05,0.000672469127746191,0.000283244370818519,3.05542602107104e-05,1.32959928347687e-05
"SH_D2_5_2",3.46420548904086e-05,2.19071023550841e-05,6.85271739890206e-05,6.4253607203052e-05,0.000134837994752093,0.000119887560578046,0.00016220279249274,2.26006548752228e-05,3.12324242500168e-05,5.28785081812405e-05,1.90035300155593e-05,3.23080678916167e-06,5.00681494925165e-05,2.08153058147432e-05,0.000190613104444182,8.82791610968758e-05,1.13006889638807e-05,0.000100845627217834,3.02180245602628e-05,3.38795831812813e-05,0.000138516118381021,0.00016319827034944,6.66096140441778e-06,0.00107220853572852,9.30956823634112e-05,8.79012073237624e-05,0.000699474820690849,0.000265165354868582,3.23490086647478e-05,1.64287316059135e-05
"SH_D2_1_1",5.35268280906924e-05,2.79838620856291e-05,6.35873494419061e-05,8.69754799004284e-05,8.01901801406475e-05,0.000141990319365572,0.00012144756509083,2.8755941004187e-05,6.08262013970074e-05,6.47522528626898e-05,2.07815831649282e-05,1.89156619400865e-05,4.20342282341167e-05,3.86582457990918e-05,0.000168567541790473,8.6317790212943e-05,1.15163046576495e-05,7.1040975898766e-05,4.29963122792161e-05,5.09525165564555e-05,0.000145946734848302,0.000105917865444932,9.21828923911165e-06,0.000771726874961544,0.000196366605343189,7.91638134345712e-05,0.000600111998397865,0.000211291059857496,3.76938487202858e-05,1.47151932405799e-05
"SH_D2_1_2",2.60048106813723e-05,1.38071197027347e-05,6.85192844465224e-05,7.05440370241966e-05,7.21276792833906e-05,0.000200156794114691,7.56605147773072e-05,4.56681745848584e-05,3.55485032223805e-05,7.22318737985484e-05,1.5585863329275e-05,6.10060007318136e-06,1.1726209698559e-05,3.02687911008855e-05,0.000159751596778239,0.00016987419133681,1.03494866495769e-05,5.98733848810193e-05,1.72154663831055e-05,1.6891554148842e-05,0.00022293990533801,0.000117402231000837,2.62239910251945e-06,0.00111461628588011,0.000209191794170186,5.52425969763988e-05,0.000664285359108066,9.85254136150671e-05,3.93858280943113e-05,2.65098858018428e-05
"SH_D2_1_3",2.46504361564776e-05,1.16388470788182e-05,8.432595635944e-05,5.73077576513806e-05,7.72317217807613e-05,0.000195057291887754,8.74214082861216e-05,4.9124610570525e-05,2.99951015348348e-05,8.0229921625097e-05,1.76551823153618e-05,6.69156478651176e-06,1.26828597008302e-05,2.72691841549254e-05,0.000146943005834478,0.000216679450363816,5.50251185843991e-06,7.39738813170826e-05,1.89159141136905e-05,9.8325176332559e-06,0.000251016928450352,0.000137718044963975,2.11954200315331e-06,0.00133179013802963,0.000277939543012424,5.15698632195223e-05,0.000770315944990667,0.000187781132966946,5.77028041419055e-05,3.79416112918934e-05
"SH_D2_2_1",1.55091855966418e-05,4.88279033372479e-06,5.89668221841354e-05,4.49147894822699e-05,6.25527577600012e-05,0.000128348200194612,7.09426883438453e-05,3.67654223221034e-05,2.51306774715267e-05,5.96785143396822e-05,6.22491271514779e-06,8.07723270027814e-06,1.453230464255e-05,2.67461985014465e-05,0.000120317432706862,0.000169505530659091,8.37540641183806e-06,6.08261092322492e-05,1.49798926672377e-05,1.04959252669941e-05,0.000201232620158357,0.000127805589656876,2.43648855028782e-06,0.00122500482237978,0.000250286503597463,3.59254518282412e-05,0.000598077236869194,0.000146993661855734,3.89687161460866e-05,3.13834425103454e-05
"SH_D2_2_2",3.46549396862968e-05,1.29924576942738e-05,6.27625550575661e-05,5.1311014380582e-05,7.474281020515e-05,5.19671061513707e-05,0.00013554734050866,2.50329701956405e-05,2.83043423744091e-05,5.2992498445645e-05,2.13198291787739e-05,1.90522032111056e-05,1.78259568257544e-05,2.44292569096506e-05,0.000178900130681849,7.33163007419176e-05,1.33889525926106e-05,0.000122350719920832,1.45485667416351e-05,4.34335762323553e-05,0.000122672486261311,0.000160823211631931,4.26172420950112e-06,0.00104051482811416,0.000158626579990559,6.54960673410702e-05,0.000387504080624934,0.000256886128248657,3.33355550461421e-05,1.41872406266604e-05
"SH_D2_2_3",2.83324466747257e-05,1.1992674043264e-05,5.56216038267167e-05,4.79989313867647e-05,9.59830484298379e-05,3.65106180565516e-05,8.71877730087661e-05,2.42305957164051e-05,2.41295732215587e-05,4.11364258820852e-05,3.19060422843638e-05,6.09841514168617e-06,1.94596754055691e-05,1.74493548743616e-05,0.000123056457093766,5.13824451247746e-05,1.29396899705871e-05,6.07941618044447e-05,2.21899326882347e-05,3.52196755183732e-05,8.19381255460173e-05,9.69719104239493e-05,1.01977871565862e-05,0.000724649645503074,0.000110356320576267,5.22514787923884e-05,0.000201000260094363,0.000127359471729387,2.85497655916127e-05,1.41949922399319e-05
"SH_D2_3_1",3.26947794221119e-05,1.22693188973368e-05,6.17493593878002e-05,5.29516354096967e-05,5.93978508157865e-05,5.22727252404305e-05,0.000136922195827938,2.60703069386155e-05,3.50346833918182e-05,4.96862170352654e-05,1.21984485653616e-05,2.54764318076991e-05,1.8165665318054e-05,2.7899097378261e-05,0.000148290299320271,6.53262891232254e-05,1.1692839758471e-05,0.000126697191352957,1.55807056200999e-05,3.84216756656759e-05,0.000108911220562336,0.00015810229685467,8.27397492744219e-06,0.000959398451714864,0.00013098304487018,5.90423947757689e-05,0.000285613934631028,0.000212924177787836,2.69434786371879e-05,1.59527682564661e-05
"SH_D2_3_2",5.8308201021795e-05,4.59016704886916e-05,2.88212028412862e-05,6.06266452463371e-05,0.000124327372582388,7.06466499994985e-05,0.000145393329738271,2.1397993524073e-05,3.02046608820476e-05,2.86980669366907e-05,1.52393679639714e-05,6.57779633633528e-06,7.48272568738354e-05,2.27493066815659e-05,6.1661015296301e-05,8.06582304143637e-05,1.23444562231547e-05,8.95625413722921e-05,1.85149746146103e-05,2.23540847838295e-05,0.000130514990823935,0.000174136682846004,4.9793717448502e-06,0.00106698050340613,0.000296585677928746,1.72492283542892e-05,0.000386621126686711,0.000190409078023904,1.7556727049839e-05,2.38254144109381e-05
"SH_D2_3_3",5.67679554176419e-05,4.85016622811895e-05,4.33433163345584e-05,5.81529599173603e-05,9.09221927895108e-05,7.33697368596997e-05,0.000118531452876094,2.24524298461173e-05,2.85211248245261e-05,3.42086726226854e-05,1.77164946419647e-05,2.32608627116185e-06,7.91230370584832e-05,2.51257489679222e-05,6.42793000043055e-05,7.18273535061462e-05,1.48743296030497e-05,6.76343659694543e-05,2.75753829287634e-05,2.40560881362504e-05,0.000124418827499763,0.000136160075120563,4.69854734884337e-06,0.000914804710280927,0.000303498826697137,1.64450992087759e-05,0.000341295825333032,0.000216530877285772,2.45044794431252e-05,1.74105881651307e-05
"SH_D2_4_1",4.84942146837781e-05,3.12271966772282e-05,4.40910350414043e-05,6.32051342247789e-05,0.000181770044236786,2.32078453261248e-05,8.93963316849017e-05,1.54872415539605e-05,2.40006099965493e-05,2.68753514105833e-05,2.01000505036526e-05,7.48598995547341e-06,3.41797591457414e-05,4.42051552487407e-05,3.30369384011818e-05,3.85920102877974e-05,1.85528820407079e-05,5.54141502675892e-05,1.32292916720561e-05,1.74608958033465e-05,0.000189142570769682,0.000127475598726686,9.591150372271e-06,0.000873378686066416,0.0001821898557846,7.45420099276588e-06,0.000217874449397315,0.000112604945735264,2.12588735265281e-05,1.11852670363495e-05
"SH_D2_4_2",9.24089736779762e-06,5.73163443104986e-06,1.10905093283087e-05,4.43246099115826e-05,6.69743147218667e-05,3.3470018638974e-05,4.49018505320317e-05,1.02535948809815e-05,2.70831955206638e-05,1.06606984607752e-05,1.90283951010401e-05,2.26416536987075e-06,0.000144214605178713,2.42913967296558e-05,0.000643902182232263,4.00098413131133e-05,2.87978752220428e-05,2.07346066178694e-05,7.40918746118374e-05,6.71059561762643e-06,9.8526027563077e-05,3.7295342190818e-05,1.40507333224677e-05,0.000188419736076372,1.58293434678751e-05,0.00026502431519017,3.19982003603216e-05,9.73094675339522e-05,1.31391372887218e-05,1.42217734818906e-05
"SH_D2_4_3",1.61738975059836e-05,1.39165814007923e-05,1.59789025749274e-05,3.90803629536902e-05,5.99528363849883e-05,2.76372725957807e-05,3.87384965280714e-05,1.79850119404064e-05,2.03330340726803e-05,6.46416653585282e-06,1.67584362981338e-05,1.90511049606123e-06,0.000135607010897463,2.15845668718614e-05,0.00046603218144618,4.16990038082623e-05,2.97449319215015e-05,1.96571857982759e-05,5.24470122309447e-05,7.57168275589857e-06,8.22039995511073e-05,2.93293736453356e-05,2.17294119521395e-05,0.000162775905837497,9.14072348419146e-06,0.000189463731625574,1.84257911835408e-05,8.92368858809224e-05,1.20565856872202e-05,1.24984331314575e-05
"SH_D4_11_1",2.64581031630801e-05,1.4160717981795e-05,1.17265314665842e-05,2.15305616762702e-05,0.000138334505227551,0.000149906599708022,8.97081558652088e-05,3.7963082237455e-06,9.58180287123462e-06,1.03899834653068e-05,1.76860264959092e-05,8.15585717187786e-06,1.39847366575545e-05,3.32140892112098e-05,0.000111163457014169,0.00012669258139832,1.6044326055049e-05,5.67591526160208e-05,2.15189936931845e-05,1.9218337413152e-05,7.86660242936486e-05,0.000110442368707511,1.05628174695072e-05,0.00034071325612713,7.66059417151542e-06,6.63846320462783e-05,3.72553761384228e-05,0.000454282352918149,1.39153892093897e-05,1.12080900337087e-05
"SH_D4_11_2",2.95790865829648e-05,2.05645135877937e-05,5.19653726968052e-05,3.06226677767486e-05,0.000200390763701689,0.000115175768916776,5.52828527899967e-05,6.49758741080093e-06,1.27887659556814e-05,2.94830276866546e-05,2.11874080047093e-05,1.94239648625988e-05,1.60274261843202e-05,4.53187704769128e-05,0.00017517091456702,5.5249867029305e-05,4.58763628615473e-06,3.73939505124281e-05,2.93398212040557e-05,3.1116928394065e-05,4.17739007385629e-05,5.82987864404496e-05,7.97500466718356e-06,7.37582410004451e-05,2.8641068562434e-05,0.000124414041381654,6.3020612771805e-05,0.000627033944619968,3.8330600995648e-05,1.15207954849126e-05
"SH_D4_12_1",3.95399380514172e-05,2.98330124968435e-05,5.39930780963471e-05,2.52309225829369e-05,6.34172833020223e-05,8.33846130270477e-05,4.0423226072795e-05,3.50057664255488e-06,8.5609104583997e-06,3.07953148626956e-05,3.06401530724624e-05,1.12384481468581e-05,1.88515539047925e-05,3.0566209908296e-05,0.000256071182259798,4.83412994422056e-05,8.11105156421439e-06,2.712999089649e-05,3.68742268848529e-05,1.98323798561399e-05,3.25412977659164e-05,3.23294355020777e-05,1.1699286473578e-05,4.45607903905543e-05,2.65687168330299e-05,0.000147795316001159,4.22150389036854e-05,0.000341520841500773,3.87931114304398e-05,8.74811213970862e-06
"SH_D4_12_2",3.83109195430637e-05,2.24642690416369e-05,2.36894768910779e-05,7.67079398603577e-05,0.000136424261804556,1.56390934650265e-05,0.000182573723324084,8.95847702487796e-05,2.95623013182257e-05,1.20175432610675e-05,5.09052214081622e-05,4.37992094690391e-05,2.99940117520177e-05,4.13125394125697e-05,3.40283307843301e-05,3.42432900828676e-05,5.61998274341557e-05,0.000172855131762847,1.55981802644561e-05,9.90742038184057e-05,0.000208690171943115,0.000102948265313857,1.96967444741224e-05,0.000333956514976292,2.86135166997587e-05,1.14564363113687e-05,5.56368105127656e-05,0.000492506021031749,1.54613906396784e-05,5.74931219175125e-06
"SH_D4_13_1",5.92997920735454e-05,2.58635710333195e-05,6.91032208343624e-05,0.000136099593114106,0.000216882227152954,2.5457891399561e-05,0.000343447172804017,0.000123176403923767,8.70057835247509e-05,1.64623916580993e-05,5.60709010125725e-05,6.05733934980151e-05,2.76433770119517e-05,2.79185098154064e-05,8.20910414158256e-05,5.06968900220552e-05,8.99902574692164e-05,0.000287627005927665,2.30087775569175e-05,0.000135374235608391,0.000315701087259446,0.000205783189176187,2.15483867161326e-05,0.000435502425007534,3.38127255880273e-05,2.87362210841421e-05,9.85158621382076e-05,0.000757991050257428,3.27479079007272e-05,2.81959655267471e-06
"SH_D4_13_2",2.94494236890208e-05,2.53260426436037e-06,5.35235488332174e-05,7.28161382126554e-05,0.0001097696359579,0.000184948902312743,0.000122005683664944,1.34242225951577e-05,3.99282841613696e-05,1.44337860719149e-05,4.99953009419458e-05,3.07419877844431e-05,6.09183753953071e-06,4.20905039241304e-05,8.42476771333644e-05,6.31977815962774e-05,2.02818073167064e-05,8.35810179819978e-05,1.59832723499001e-05,0.000102514824493994,0.000197458080911237,8.91262115688641e-05,1.46585438511552e-05,0.00025643837860929,3.69878080516519e-06,3.96438972325665e-05,0.000347321728782808,0.000614807168734328,1.27162764925782e-05,1.23146657368391e-05
"SH_D4_14_1",2.60379593433827e-05,7.56141197727557e-06,6.59082769736932e-05,0.00011289883053859,0.000138173757538671,0.000256405395056859,0.000160707340194099,5.98758919589511e-06,5.36902580829088e-05,1.54488442505865e-05,4.72225882398576e-05,4.95475106011655e-05,5.11608979553976e-05,3.92958536305891e-05,0.000134214640253424,7.3592085472518e-05,2.05291273617497e-05,0.000101384222995668,1.97571024344443e-05,0.000130610007297773,0.000234290845570844,9.31187381128104e-05,1.01964364200277e-05,0.000263175183904928,1.1311898364148e-05,5.54640363310833e-05,0.000475695310893974,0.000765855810203022,2.36200462321544e-05,2.69235508964021e-06
"SH_D4_14_2",6.47618781877062e-05,3.11146842832278e-05,8.73076753651844e-05,9.97608223812343e-05,0.000125015725790328,2.6162272257564e-05,0.000144471327216237,7.01725338711016e-06,3.91458479825353e-05,1.63417615920389e-05,5.38530144244693e-05,1.73342117389041e-05,2.79151827849135e-05,3.08635478977207e-05,9.13454999949902e-05,2.65133644238731e-05,2.67402233413929e-05,6.19331435668333e-05,4.6743311804376e-07,8.99259510406794e-05,0.000155055035344521,0.000126572976859598,2.24263610065397e-05,0.000377374176047331,3.37469760127718e-05,1.43650428811018e-05,6.12621098801248e-05,0.00056819735693827,1.15548104595205e-05,9.40089335197746e-06
"SH_D4_15_1",6.45520485259112e-05,3.03374786583409e-05,6.54671319811958e-05,8.93399544444403e-05,9.9250109014148e-05,2.93421855066592e-05,0.000106502326382785,1.08837154261392e-05,4.08094087121546e-05,1.12736040685165e-05,4.16812029300557e-05,1.83814470785074e-05,3.5618185716378e-05,2.85169754188043e-05,3.9626722612482e-05,1.61578880295162e-05,1.96945655238628e-05,4.10873568518066e-05,4.46004002551126e-06,9.36771610532062e-05,0.000161292096586647,9.00150031300809e-05,1.77640309711623e-05,0.000305789354056995,2.87518973575519e-05,1.43937511605468e-05,3.47162575198052e-05,0.000539129438823059,1.6552662858411e-05,5.63806139078587e-06
"SH_D4_15_2",4.41551728918481e-05,1.14344418093086e-05,3.90490899033606e-05,9.28159609652838e-05,0.000137907658714996,2.70144406874197e-05,0.000206102523569413,8.56211221867494e-05,3.66582155841282e-05,1.18704586634703e-05,5.14951326504671e-05,3.52140729964119e-05,1.28058000522838e-05,2.20559001614415e-05,6.40828294629222e-05,4.09116261665486e-05,5.48278534485738e-05,0.000153376493360038,2.48293116078595e-05,0.000111510159842627,0.000218118589533516,0.000105806852330394,1.15678779499467e-05,0.00041530153347124,2.63510033240456e-05,1.78739919901228e-05,5.89099597886929e-05,0.000527344716510718,2.1542503312401e-05,7.51896377051822e-06
"SH_D4_16_1",5.59635820657339e-05,1.59791024355385e-05,7.42720021085417e-05,0.000126243657417063,0.000199197915715295,2.19726704097528e-05,0.000295263291199664,8.92653111079433e-05,7.19709717411326e-05,1.55335730868625e-05,5.6842678517466e-05,5.1918057376681e-05,1.88351251985511e-05,2.68521614239065e-05,9.73512616716443e-05,4.03906663708114e-05,7.95615488650093e-05,0.000269161612213376,2.13619693194078e-05,0.000126821951175905,0.000294165692314519,0.000197125052506587,1.31179762456371e-05,0.000506332036450559,3.55582914534062e-05,1.88095877424008e-05,7.03009671036512e-05,0.000719216171570746,2.65365947288103e-05,1.35136880410477e-05
"SH_D4_16_2",2.26208058412522e-05,2.84825833385185e-06,4.68925238318363e-05,9.23341105917933e-05,0.000116942758169152,0.000262782645192345,0.000123535220463186,5.99193412839123e-07,4.07970523451636e-05,9.09936704631681e-06,5.27571736687382e-05,2.54324979879562e-05,4.98692414216325e-06,4.37615246970184e-05,0.000226797075777258,0.000103451631594329,2.01171606314329e-05,0.000115640200159065,9.36921930354873e-06,8.93446139409264e-05,0.000231644147977264,0.000135734479278519,1.34923676787263e-05,0.000310878673773614,1.86068121800977e-05,0.000120203358104004,0.000379460353673223,0.000701094451528337,2.01679936989673e-05,4.20227287202983e-06
"SH_D4_17_1",3.24333986980473e-05,3.76564377175755e-06,7.93628176217587e-05,8.57568196756501e-05,0.000100475941139743,0.000193181928646097,0.000109724384346751,1.15873216507705e-05,4.3309889863513e-05,2.39944782004029e-05,5.69637641380891e-05,2.60701450008581e-05,1.21043061411965e-05,3.95225429916552e-05,0.00017864412769735,7.17883000131631e-05,2.03231784644418e-05,9.00083425426887e-05,1.31552614355654e-05,5.67268396632951e-05,0.000170518938200052,0.00011407736674267,5.56444393906578e-06,0.000287404810206421,9.394929698994e-06,8.5411121775073e-05,0.000288935804690279,0.000561620490506489,2.29652289072386e-05,4.11768375784552e-06
"SH_D4_17_2",7.63777144630373e-05,3.53451123120779e-05,7.41801409485857e-05,0.000118439439377504,0.000148102242920976,3.02806241568919e-05,0.000153973279673843,1.30293160764993e-05,5.41601684559998e-05,2.03648559063418e-05,6.113246530448e-05,2.35421296497879e-05,3.22033609782156e-05,3.65799191703995e-05,0.000116087905663149,2.20574682690756e-05,2.47063131029827e-05,8.31143597517225e-05,2.34301835552629e-06,0.000107967335475411,0.000197261341019858,0.000174753464594358,1.78411038786519e-05,0.000501397143120797,4.33949112480526e-05,1.67796313329492e-05,4.84222629756078e-05,0.000651188527036771,2.14505983793573e-05,4.68046991433331e-06
"SH_D4_10_1",6.86428481936433e-05,2.7178604760431e-05,8.17126978591852e-05,0.000101894043608557,0.000120128185101895,2.5778784478269e-05,0.000144063329503855,1.328729767671e-05,4.22718608107743e-05,1.69163950478335e-05,4.89283081133005e-05,1.8360321020679e-05,3.17483871166639e-05,3.58467747533355e-05,0.000134561192028602,2.89172470053067e-05,1.69037378743333e-05,7.14149690064485e-05,8.78671423582953e-06,0.000107526886462767,0.000191486780416676,0.000138750134070081,2.57724544009561e-05,0.00046135624575347,4.4179534946482e-05,1.39497879533862e-05,5.08118331390259e-05,0.000682743170071665,1.81283261817078e-05,6.71623095624606e-06
"SH_D4_10_2",1.385266556712e-05,1.66724579733467e-05,9.09869104088124e-05,0.000105472217398377,0.00013601184035635,0.000154925299583106,8.75571064961171e-05,2.14529902286231e-05,3.07345564783139e-05,5.06595082655143e-06,4.98822898241962e-05,1.40646709374134e-05,4.65169523240882e-05,3.73434439500764e-05,0.000136899011989062,2.53557103337507e-05,6.77497717080322e-06,1.56256144809155e-05,2.10326259508077e-06,2.07440826342981e-05,0.000198248478784272,7.24989650584474e-05,7.75479246013791e-06,0.000353755349069917,0.000180884565657329,6.64361843577426e-05,0.000500938495762141,0.00164792815092546,1.25029814256972e-05,1.00426555164938e-05
"SH_D4_10_3",1.3695744817965e-05,1.35831258750293e-05,8.77192582578296e-05,0.000108124552821329,0.000143345104942759,0.000264892599645257,5.88131436177189e-05,1.16465698088433e-05,3.82858899216418e-05,1.55826439797687e-06,3.94652218271079e-05,1.87546146173229e-05,6.03590383876578e-05,4.03352133772594e-05,0.000208523303213525,4.29415998387517e-05,1.22579347684331e-05,2.42154594040864e-05,2.18562773781623e-07,2.97475235948407e-05,0.000223106046871039,7.33833889712153e-05,4.67408601643718e-06,0.00022880042821728,0.00020501381640304,0.000112733680316022,0.000517656097634888,0.00196006737551682,1.23660828413841e-05,2.54478892704111e-06
"SH_D4_5_1",4.54440547619129e-05,2.98770282397419e-05,3.09675384309757e-05,5.19015544339545e-05,9.10508091577682e-05,2.00867945074713e-05,0.00010140886854364,2.95392618055789e-05,1.87512495946704e-05,2.9924448748629e-05,4.8604587615654e-05,4.68325016068736e-06,5.09426361582524e-05,2.82775845482944e-05,0.00012660536304548,5.64742076052347e-05,1.45651431400073e-05,5.80151301460359e-05,9.24433503479859e-06,4.67698744225436e-05,0.000116370823413239,9.92246155788295e-05,3.05827871325694e-06,0.000888037340661068,0.000234739058978338,9.08284860830912e-06,0.000160285724592149,0.000156234082476174,3.88503154465057e-05,1.44550575029837e-05
"SH_D4_5_2",6.81297433651681e-05,3.77824006771432e-05,6.07332272777789e-05,5.71112415047839e-05,0.000100814516550661,2.92182182616399e-05,0.000131265766244796,5.14372289385263e-05,2.1151112264754e-05,3.69047273839624e-05,7.48370527817743e-05,3.73103664686059e-06,6.79603360908493e-05,2.76574211119795e-05,7.42855313433763e-05,8.71738782909359e-05,1.38674611895029e-05,7.52374505331898e-05,1.22792355710314e-05,2.90467586459584e-05,8.82346334183196e-05,0.000117185771055116,1.63608676843412e-06,0.000957944262703476,0.000323615686170337,1.06629228640787e-05,0.000202532825240017,0.000218799305236351,5.44214596952108e-05,1.87517328639204e-05
"SH_D4_5_3",5.81529872183651e-05,4.11728089007717e-05,5.06192206621007e-05,5.70300783834075e-05,0.000100338385131007,3.38613846694636e-05,0.000120450176316784,4.88699873610986e-05,2.02046826985584e-05,3.62540885563862e-05,6.86966176993784e-05,5.60094195314378e-06,8.08760107368105e-05,2.76684760031803e-05,0.000157598157813086,7.61756195277706e-05,1.28035555001107e-05,6.50400775353371e-05,1.35932717888775e-05,4.25563545450859e-05,0.000101181922358571,9.67197259898253e-05,1.52414208082326e-06,0.000942715125683667,0.00025968112122549,1.41594803836987e-05,0.000213008512561766,0.000203019962297748,4.97731599541043e-05,1.28379373505825e-05
"SH_D4_6_1",4.65909535077673e-05,1.09253031401804e-05,8.47802676965858e-05,5.89020096012078e-05,0.000249493509575296,7.45760601616367e-05,0.000109913825615398,2.95083640413491e-05,3.01005811164928e-05,4.54578991670391e-05,1.24538723160433e-05,7.04089304514157e-05,7.70242105654888e-06,4.02435578915777e-05,0.000192799782418714,7.680841972453e-05,1.5438239679666e-05,0.000129687506527137,7.73419758237899e-06,0.000161128060155788,0.000116441378692433,0.000137249608973559,1.12473960607308e-06,0.00114636267270599,0.000220941474681714,6.30626503994382e-05,0.000406369813193538,0.000357765890100891,4.29551521331856e-05,2.35655719942266e-05
"SH_D4_6_2",4.27299914604016e-05,7.52148869912731e-06,8.10244007255998e-05,5.61568157847235e-05,0.000217270581819052,7.14383269517119e-05,0.000100389224706741,2.68258966813788e-05,3.82463529697584e-05,4.21839698445423e-05,3.33748341031007e-05,6.8232186545619e-05,9.1258713967603e-06,4.15224966051828e-05,0.000188093627876783,7.35215568306932e-05,1.47389030065018e-05,0.000113206367068757,1.04780255245443e-05,0.000137961382215753,9.66146562366837e-05,0.000133627115820204,4.35119229543385e-06,0.00118119814738404,0.000202101873644998,6.52245914402581e-05,0.000388198967665123,0.000238643929288001,4.01476361772329e-05,2.87737770248465e-05
"SH_D4_6_3",4.81010011471268e-05,1.14239974890073e-05,8.34425307778683e-05,6.50073290044271e-05,0.000263819681570568,8.10270097798745e-05,0.000117802901685735,2.92887340216909e-05,3.48615702056711e-05,4.9052966527867e-05,2.27189567229477e-05,7.21132412489474e-05,8.81780641877923e-06,3.82354007405678e-05,0.00017232626838643,7.60266923493962e-05,1.59899407709769e-05,0.000136222745257288,1.05016804059943e-05,0.000184455748760371,0.000114314856468371,0.000159011963941542,3.14778477538266e-07,0.00132043765447151,0.000195216354998161,5.77550417177129e-05,0.000418537346304061,0.000325114219490331,4.53564394058545e-05,3.37131860205954e-05
"SH_D4_7_1",0.000110655993788919,3.5466971701952e-05,8.00771477324434e-05,5.83955423848351e-05,0.000162777982196749,2.18066748291475e-05,8.09987335913943e-05,4.8832630248448e-05,3.29785408936556e-05,5.13922138416065e-05,6.47727400219275e-05,2.58802371380173e-05,0.000119775543755779,2.02532607305975e-05,8.55286580483014e-05,4.67089472679788e-05,1.64263401237226e-05,8.1219097026088e-05,1.7535662121583e-05,7.63492463292414e-05,0.0001442494790469,7.73060723252351e-05,1.1410480058833e-05,0.0011976363673464,0.000628458163970124,3.26988358593341e-05,0.000219776080884015,0.000394238349186425,6.56537371729869e-05,3.35041102990556e-05
"SH_D4_7_2",0.000114832969194377,3.88236815558817e-05,0.000107863964337922,6.22529731278326e-05,0.000176432723669665,2.91589283313042e-05,8.19583848761722e-05,5.37858933350449e-05,3.23863910664177e-05,4.89104910721358e-05,6.67844096098016e-05,2.675059550601e-05,0.000123112401335136,1.97968321908589e-05,8.57537753543733e-05,5.3349691939736e-05,1.70546398986736e-05,8.64291178306376e-05,1.24038266897199e-05,6.43336060463662e-05,0.000153421424045916,7.91220809675735e-05,4.59321645464149e-06,0.00117641848201101,0.00065752873823879,3.89913863856128e-05,0.000224981672743898,0.000407227955854066,7.59634196842354e-05,2.70333760924353e-05
"SH_D4_7_3",0.000100760996939295,3.28183065133839e-05,0.000116274374778868,6.26489149178903e-05,6.7681343531663e-05,2.47307497001571e-05,7.95700647496238e-05,4.82142135262462e-05,3.0496731513608e-05,7.4843387679316e-05,4.93831551107579e-05,1.75474747106801e-05,0.000109119630459986,1.2648234084892e-05,9.31717397457601e-05,5.30305074462943e-05,2.10161117398263e-05,7.99554821540008e-05,1.84829431537532e-05,4.16778909664199e-05,0.000124583198550763,7.37911475925819e-05,5.42085669023227e-06,0.000875944996279183,0.000689641018797559,3.00286276349665e-05,0.000184818301630903,0.000361703372659312,7.66898378429186e-05,1.87560039708069e-05
"SH_D4_8_1",2.45774502932367e-05,1.2112699802228e-05,2.25939711199251e-05,2.93049233593469e-05,0.000184174763392641,0.000240959054542136,0.000153674648130817,2.64978600125673e-05,3.17595516277635e-05,3.87249427751073e-05,5.20803192632631e-05,8.02015643824468e-07,9.68961623141151e-05,3.98723414632138e-05,0.00038153704895401,0.000337833034176069,2.46302334156786e-05,8.29152379329006e-05,0.000103113157132905,1.71768458429452e-05,0.000139079415880405,0.000165962404242938,9.35277896321315e-06,0.000358653299253852,2.16267598330005e-06,0.00029187291000645,0.00016961641846275,0.000420999700838861,0.000108116850376294,9.02500912765896e-06
"SH_D4_8_2",2.11072781336205e-05,1.80549338771708e-05,2.84434501499328e-05,3.80031835687545e-05,0.000118295251844415,0.000184559466822249,9.91494702282412e-05,2.30357574616837e-05,1.28446117723005e-05,5.07950746246841e-05,2.65153803525378e-05,1.34112967422527e-06,4.08290555949331e-05,3.77780353193807e-05,0.000300268039031848,0.000200081445444449,1.14809057329474e-05,3.16838191312714e-05,6.87621192984267e-05,1.54734278363245e-05,0.000120309754422253,6.22898257146434e-05,1.16024353850853e-05,0.000110493648904461,2.72127292155227e-05,0.00014963182467578,8.4340852679145e-05,0.000522013953893004,8.89766302428767e-05,1.43156426771793e-05
"SH_D4_8_3",1.88901686649863e-05,7.29503110035715e-06,1.8925915781956e-05,3.46759411273572e-05,6.04769115379518e-06,0.000170755454856492,0.000107889710393659,2.53986846558648e-05,1.88151123743902e-05,4.73696375881243e-05,3.23764781905149e-05,1.01194038625344e-05,4.0116345703044e-05,4.66567755514782e-05,0.000291443750348326,0.000240134691867661,2.24740665306434e-05,5.356961352995e-05,6.28958264774251e-05,1.35496229202652e-05,0.000115021953569487,0.000111873637285362,9.16131923604289e-06,0.000213346290933614,6.40342602539065e-06,0.000142785907468844,0.00017780133885239,0.000363975930568145,6.26211505872075e-05,1.78699956465737e-05
"SH_D4_9_1",3.44434212343001e-05,2.69924288866453e-05,9.08514322207001e-06,3.35655412418983e-05,0.000168055202547304,0.000328711367320721,0.000181155550752693,2.47257742560838e-06,1.6901277088519e-05,1.63327476887294e-05,2.12229887511654e-05,3.98235168406697e-06,6.07925164610219e-05,3.75280604312722e-05,0.000281567685952507,0.000124282737054523,1.84573009572785e-05,0.000118026605332414,0.000107014391557547,5.00715997776293e-05,9.87557158248847e-05,0.000150336504157468,1.1064030294564e-05,0.000346000177219429,1.92664866329684e-05,0.000145586343260166,0.000106115335299647,0.00074500503225827,4.32015764585147e-05,8.92426183755365e-06
"SH_D4_9_2",3.30899631121316e-05,2.37360341857739e-05,1.79015249444823e-05,3.11656189703816e-05,0.000126443805318341,0.00022933020037016,0.000117293325259533,5.6020245812756e-06,1.02826576324047e-05,6.87081431900556e-06,1.44831550758778e-05,9.95738450039251e-06,1.29337313768208e-05,4.12305203218182e-05,0.000129625074454793,9.73782772446787e-05,2.0598612346329e-05,9.53559535757867e-05,6.66943017059085e-05,3.23529619478223e-05,6.62682343510396e-05,0.000144461840228244,9.34831195578255e-06,0.000345338648307911,1.31910724794726e-05,7.06637668821697e-05,7.56645701517382e-05,0.000440643352457065,2.27257318964652e-05,1.0317098574358e-05
"SH_D4_9_3",5.90715631657507e-05,3.57312934174578e-05,3.33461608494724e-05,4.34461642257163e-05,0.00018701639797782,0.000347323145415213,0.000193268653312053,7.22293080707937e-06,2.22551581797158e-05,3.7487277783816e-05,3.36068915646459e-05,1.45900733687849e-05,4.94375759671207e-05,5.91534014566936e-05,0.000274393362982099,9.98409409047077e-05,2.98735004257978e-05,0.000133966283049739,0.000131024382693262,3.86660513927884e-05,7.89324913070319e-05,0.000179878359903853,1.74951519567492e-05,0.000293938786463113,2.75539875458556e-05,0.000161229740002513,0.000113059646110677,0.00062742463081943,4.81709057308804e-05,9.45132149297227e-06
